name	formula	mass
Na adduct	Na-H	21.981945
K adduct	K-H	37.955885
NH4 adduct	NH4-H	17.0266
DHB	C7H6O4	154.0266
DHB -H2O	C7H4O3	136.016
DHB -H2O +Na	C7H4O3Na	159.005814
DHB -H2O +K	C7H4O3K	174.979753
CHCA	C10H7NO3	189.0426
CHCA -H2O	C10H5NO2	171.032
CHCA -H2O +Na	C10H5NO2Na	194.021799
CHCA -H2O +K	C10H5NO2K	209.995737
13C	13C	1.0033
Ag adduct	Ag-H	105.8973
