name	formula	mass
Na adduct	Na-H	21.981945
K adduct	K-H	37.955885
NH4 adduct	NH4-H	17.0266
DHB	C7H6O4	154.026610
DHB -H2O	C7H4O3	136.016045
DHB +Na	C7H5O4Na	176.008555
DHB +K	C7H5O4K	191.982492
CHCA	C10H7NO3	189.042594
CHCA -H2O	C10H5NO2	171.032029
CHCA  +Na	C10H6NO3Na	211.024539
CHCA  +K	C10H6NO3K	226.998476
13C	13C	1.0033
Ag adduct	Ag-H	105.8973
